order_id,order_date,customer_name,amount,product_id
ORD1000,2023-10-17,Emma Jones,2745.58,PROD59
ORD1001,2022-04-25,Alexa Wood,3255.79,PROD20
ORD1002,2022-01-26,Charles Wade,4546.64,PROD78
ORD1003,2022-10-09,Nicholas Wallace,4141.82,PROD66
ORD1004,2022-09-08,Austin Riley,403.48,PROD18
ORD1005,2022-08-17,Mrs. Kathleen Morales,871.32,PROD42
ORD1006,2022-05-23,Tiffany Bailey,1572.68,PROD79
ORD1007,2022-04-15,Mike Lane,3757.34,PROD41
ORD1008,2023-11-24,Susan King,2867.57,PROD21
ORD1009,2023-07-13,Ashley Lyons,1478.62,PROD51
ORD1010,2022-03-31,Kristine Smith,665.55,PROD79
ORD1011,2023-08-28,Stacie Hicks,3458.96,PROD95
ORD1012,2023-03-09,Laura Spencer,3513.68,PROD39
ORD1013,2022-02-02,Dr. Sharon Bolton,4716.25,PROD76
ORD1014,2022-01-31,Sean Boone,2527.34,PROD44
ORD1015,2022-04-06,Joseph Lin,2494.29,PROD65
ORD1016,2022-08-12,Sharon Obrien,448.19,PROD66
ORD1017,2022-08-27,Carolyn Miller,247.31,PROD69
ORD1018,2023-06-02,Amber Roberson,2188.54,PROD63
ORD1019,2023-09-09,Stephen Cummings,1645.49,PROD91
ORD1020,2022-01-28,Daniel Johnson,1289.32,PROD73
ORD1021,2023-07-29,Cheryl Rodriguez,502.07,PROD39
ORD1022,2022-07-23,Elizabeth Anderson,4811.46,PROD61
ORD1023,2023-10-28,Sonia Love,4188.0,PROD3
ORD1024,2023-12-20,Chelsea Anthony,2897.24,PROD48
ORD1025,2023-07-13,Morgan Black,4756.39,PROD43
ORD1026,2023-03-06,Nicholas Guzman,4997.88,PROD87
ORD1027,2022-08-14,Angela Lopez,3377.79,PROD15
ORD1028,2023-04-05,Kenneth French,1384.08,PROD54
ORD1029,2023-08-27,Dr. Mary Roth,249.15,PROD75
ORD1030,2022-10-12,Juan Wilson,3793.53,PROD40
ORD1031,2022-01-07,Daniel Green,2378.98,PROD93
ORD1032,2022-06-13,Sarah Davis,3274.97,PROD89
ORD1033,2023-12-16,Janet Wilkerson,4584.56,PROD81
ORD1034,2023-03-09,Robert Jones,948.37,PROD4
ORD1035,2022-12-15,Sherry Colon,2947.38,PROD77
ORD1036,2022-10-12,Wendy Parker,3192.18,PROD61
ORD1037,2022-06-09,Alexander Sanchez,2484.04,PROD34
ORD1038,2022-08-09,Michelle Taylor,501.65,PROD84
ORD1039,2022-12-11,Curtis Mccoy,1772.41,PROD100
ORD1040,2022-04-15,Taylor Campbell,1699.88,PROD75
ORD1041,2022-04-05,Edward Lopez,3367.16,PROD74
ORD1042,2023-01-25,Brandi Cook,4295.78,PROD30
ORD1043,2022-04-10,Rebecca Williams,1682.53,PROD93
ORD1044,2023-01-03,Amanda Camacho,3483.68,PROD7
ORD1045,2022-12-19,Joseph Jensen,1476.68,PROD75
ORD1046,2023-09-11,Kristine Hicks,4728.71,PROD62
ORD1047,2022-09-28,Anne Fleming,4077.15,PROD22
ORD1048,2022-02-14,Yolanda Gonzalez,2772.98,PROD68
ORD1049,2023-04-16,Shannon Galloway,2301.39,PROD81
ORD1050,2023-07-04,Matthew Shaw,1606.86,PROD93
ORD1051,2022-05-08,Ann Pineda,1650.21,PROD80
ORD1052,2023-01-23,Jaime Morris,4852.41,PROD100
ORD1053,2022-03-22,Clayton Calderon,2050.67,PROD49
ORD1054,2023-07-20,Michael Massey,2597.25,PROD19
ORD1055,2022-10-28,Andrea Rodriguez,4941.19,PROD88
ORD1056,2023-10-06,Linda Levy,3305.42,PROD32
ORD1057,2023-09-26,Kathryn Howard,2735.84,PROD5
ORD1058,2023-01-06,Matthew Aguilar,2095.58,PROD74
ORD1059,2023-08-15,Anita Hammond,978.53,PROD90
ORD1060,2022-07-16,Christopher Ramirez,1840.81,PROD15
ORD1061,2023-12-23,Molly Kelley,3794.39,PROD25
ORD1062,2022-03-13,Denise Ryan,3145.77,PROD3
ORD1063,2022-02-16,Robin Lopez,3811.95,PROD57
ORD1064,2023-11-09,Sergio Rosales,1057.61,PROD41
ORD1065,2022-08-22,Douglas Navarro,2768.64,PROD54
ORD1066,2022-10-24,Eric Faulkner,4641.98,PROD20
ORD1067,2022-03-23,Tara Hahn,2218.67,PROD53
ORD1068,2022-08-27,Alexandria Stewart,3506.34,PROD89
ORD1069,2022-04-14,Aaron Carlson,651.06,PROD27
ORD1070,2023-01-25,Michael Adams,4867.08,PROD53
ORD1071,2022-10-12,Brian Delgado,3063.91,PROD65
ORD1072,2023-04-10,Dustin Ware,1234.52,PROD100
ORD1073,2023-10-13,Michael Taylor,833.97,PROD79
ORD1074,2023-01-09,Danielle Hancock,2776.65,PROD61
ORD1075,2022-06-16,Thomas Brooks,2783.64,PROD95
ORD1076,2023-01-15,Gregory Brown,511.39,PROD94
ORD1077,2022-12-30,Julie Baker,4961.67,PROD8
ORD1078,2022-08-03,Kristin Sanchez,4569.0,PROD91
ORD1079,2023-11-18,Cindy Murphy,2334.17,PROD18
ORD1080,2022-10-01,Danielle Willis,631.46,PROD67
ORD1081,2023-12-20,Lori Mclaughlin,4169.11,PROD27
ORD1082,2023-12-01,Cheryl Gonzalez,2516.96,PROD72
ORD1083,2023-10-26,Kyle Diaz,3597.19,PROD42
ORD1084,2022-03-15,Amanda Marshall,2568.92,PROD85
ORD1085,2023-09-16,Elizabeth Marquez,1403.45,PROD62
ORD1086,2023-10-13,Andrew Romero,4181.88,PROD68
ORD1087,2022-06-25,Sarah Clark,4902.21,PROD49
ORD1088,2023-07-01,Larry Brown,1256.47,PROD41
ORD1089,2022-09-08,Kyle Stewart,2778.76,PROD23
ORD1090,2022-06-17,Robin Bailey,1948.75,PROD59
ORD1091,2023-04-19,Heather Gibson,4613.25,PROD69
ORD1092,2023-01-24,Alex Andrews,2565.79,PROD44
ORD1093,2022-10-04,Daniel Brown,4402.66,PROD70
ORD1094,2023-10-18,Robert Johnson,4326.93,PROD46
ORD1095,2023-12-06,Joanne Diaz,1417.42,PROD87
ORD1096,2023-07-25,Victoria Brown,3960.53,PROD99
ORD1097,2022-08-13,Richard Davis,2103.96,PROD93
ORD1098,2023-12-03,Audrey Jones,4674.53,PROD88
ORD1099,2022-11-29,Christopher Hobbs,2563.3,PROD83
ORD1100,2022-02-27,Jonathan Holmes,4111.72,PROD89
ORD1101,2022-08-23,Roger Humphrey,1450.05,PROD34
ORD1102,2022-02-02,Brian Pacheco,1527.85,PROD79
ORD1103,2022-11-20,Adriana Garcia,2955.34,PROD62
ORD1104,2023-02-15,Eric Fry,4994.57,PROD25
ORD1105,2022-10-02,Sarah Bass,2473.72,PROD32
ORD1106,2022-03-09,Misty Clarke,785.55,PROD36
ORD1107,2022-08-05,Kayla Johnson,2715.97,PROD72
ORD1108,2023-08-04,David Smith,1758.36,PROD39
ORD1109,2022-11-19,Sheila Mcdonald,2781.99,PROD29
ORD1110,2022-08-06,Justin White,2739.98,PROD39
ORD1111,2023-11-03,Tina Schneider,2303.96,PROD99
ORD1112,2023-05-27,Jeffrey Garrett,1642.8,PROD37
ORD1113,2023-02-10,John Shields,983.83,PROD91
ORD1114,2023-10-21,Patricia Sullivan,3502.62,PROD27
ORD1115,2023-04-15,David Jackson,2880.4,PROD89
ORD1116,2022-05-27,Kenneth Rivera,1206.13,PROD91
ORD1117,2022-09-29,Phillip Davis,3888.95,PROD63
ORD1118,2022-05-23,Mr. Henry Ortega Jr.,266.05,PROD41
ORD1119,2022-09-10,Julia Wright,3736.29,PROD62
ORD1120,2023-07-29,Justin Hampton,3540.88,PROD45
ORD1121,2023-07-06,Seth Walker,4066.47,PROD72
ORD1122,2022-09-27,Vanessa Diaz,1961.09,PROD93
ORD1123,2023-08-22,Pamela Davis,3335.26,PROD36
ORD1124,2023-03-15,Walter Cohen,4112.7,PROD37
ORD1125,2023-08-21,Christina Avila,4905.05,PROD16
ORD1126,2023-02-13,Renee Willis,2501.88,PROD74
ORD1127,2023-01-06,Ms. Megan Green,233.25,PROD87
ORD1128,2022-08-13,Katherine Johnson,2536.34,PROD70
ORD1129,2022-05-22,Victoria Pena,2971.39,PROD49
ORD1130,2023-06-06,Nathan Young,4355.02,PROD51
ORD1131,2023-05-21,James Bowen,4377.24,PROD45
ORD1132,2022-04-04,Anne Hoffman,2229.52,PROD99
ORD1133,2022-02-18,Terry Hall,2653.46,PROD19
ORD1134,2022-04-23,Penny Walker,2311.79,PROD38
ORD1135,2022-06-06,Allen Montoya,3626.1,PROD6
ORD1136,2023-10-05,Richard Luna,2079.39,PROD37
ORD1137,2022-06-13,Shaun White,3291.17,PROD92
ORD1138,2023-11-28,Andrea Walker,814.09,PROD11
ORD1139,2023-03-09,Andrew Bruce,2373.98,PROD45
ORD1140,2023-09-03,William Carlson,4847.56,PROD57
ORD1141,2022-03-07,Kaitlyn Powell,1725.88,PROD84
ORD1142,2023-01-30,Kelly Collins,3478.89,PROD33
ORD1143,2023-01-26,Jacqueline Kelly,3266.69,PROD96
ORD1144,2023-09-03,Jennifer Cooper,4266.24,PROD62
ORD1145,2023-04-25,Francis Hunter,4269.09,PROD28
ORD1146,2023-06-26,Christopher Farmer,4303.74,PROD26
ORD1147,2022-09-15,Scott Lucas,1931.05,PROD69
ORD1148,2023-07-21,Christy Brown,1617.47,PROD35
ORD1149,2022-01-12,Mark Mills,3607.65,PROD72
ORD1150,2023-11-28,Elizabeth Johnson,3809.04,PROD90
ORD1151,2022-04-28,Jennifer Jones,4368.3,PROD35
ORD1152,2023-11-30,Michelle Briggs,227.7,PROD18
ORD1153,2023-07-04,Tracey Bernard,388.68,PROD14
ORD1154,2022-10-01,Amanda Horn,3174.25,PROD79
ORD1155,2023-10-19,Matthew Solis,4608.6,PROD95
ORD1156,2022-12-15,Jennifer Grimes,4987.26,PROD76
ORD1157,2022-04-25,Samantha Green,3746.49,PROD31
ORD1158,2022-10-28,Jacob Morgan,2198.16,PROD32
ORD1159,2023-03-22,Kim Watson,537.29,PROD7
ORD1160,2022-06-11,Brian Davis,3187.05,PROD86
ORD1161,2023-04-10,Christopher Rangel,4369.27,PROD68
ORD1162,2022-01-04,Thomas Howard,2246.21,PROD29
ORD1163,2022-09-27,Stacy Mitchell,3485.31,PROD82
ORD1164,2023-05-28,Suzanne Price,4521.95,PROD30
ORD1165,2022-07-02,Vicki Zuniga,277.66,PROD7
ORD1166,2023-06-04,Jody Lee,3990.91,PROD13
ORD1167,2022-04-19,Casey Mays,1502.17,PROD53
ORD1168,2023-10-03,Justin Smith MD,1905.46,PROD43
ORD1169,2022-11-02,Robert Davis,770.57,PROD92
ORD1170,2023-10-17,Amy Lowery,2679.27,PROD61
ORD1171,2023-06-04,William Rice,2851.34,PROD13
ORD1172,2023-09-16,Donald Crawford,3972.97,PROD88
ORD1173,2022-07-23,Stephen Johnson,891.42,PROD99
ORD1174,2022-06-06,Margaret Zimmerman,440.89,PROD18
ORD1175,2023-01-18,Lauren Clements,4360.66,PROD1
ORD1176,2022-06-15,Jorge Pittman,3117.57,PROD71
ORD1177,2023-07-07,Justin May,1242.11,PROD21
ORD1178,2023-06-28,Austin Hall,4568.5,PROD53
ORD1179,2022-01-01,John Chen,758.43,PROD84
ORD1180,2023-09-06,Monica Donaldson,2332.69,PROD61
ORD1181,2022-11-28,Richard Hart,1307.19,PROD62
ORD1182,2023-05-16,Jason Willis,1313.87,PROD84
ORD1183,2022-01-20,John Fernandez,96.52,PROD26
ORD1184,2022-04-25,Kelly Lopez,4032.93,PROD97
ORD1185,2023-01-07,Angela Fuller,4510.99,PROD37
ORD1186,2022-11-11,Kaitlyn Solomon,3404.17,PROD42
ORD1187,2022-09-03,Joseph Dickson,831.98,PROD37
ORD1188,2022-03-01,Peter Murphy,2236.56,PROD83
ORD1189,2022-09-04,Melissa Rodriguez,1760.55,PROD8
ORD1190,2023-08-04,Pamela Benson,2958.48,PROD99
ORD1191,2022-03-22,Sandy Roberts,3212.75,PROD12
ORD1192,2022-03-29,Raymond Thompson,2150.33,PROD84
ORD1193,2023-05-13,James Nguyen,1287.99,PROD74
ORD1194,2022-03-12,Susan Jenkins,4234.25,PROD30
ORD1195,2023-06-30,Angela Patel,1036.12,PROD69
ORD1196,2022-05-09,Lori Michael,1954.23,PROD95
ORD1197,2022-05-12,Jonathan Conner,2441.88,PROD93
ORD1198,2023-11-07,Rhonda Jones,1224.17,PROD5
ORD1199,2023-05-02,Richard Cooper,2881.02,PROD23
ORD1200,2023-07-17,Bernard Johnson,2895.32,PROD54
ORD1201,2022-06-19,Joy Lucas,4963.83,PROD23
ORD1202,2022-09-29,Jordan Stewart,1511.39,PROD5
ORD1203,2023-06-25,Derek Green,4890.83,PROD51
ORD1204,2023-09-14,Richard Vaughan,3308.24,PROD64
ORD1205,2023-03-10,Micheal Cooper,1408.68,PROD24
ORD1206,2022-08-05,Connor Dixon,2851.35,PROD96
ORD1207,2023-07-07,Alan Ramirez,3444.71,PROD38
ORD1208,2023-12-08,Steven Davis,3736.11,PROD5
ORD1209,2022-07-25,Ronald Parker,292.77,PROD2
ORD1210,2022-11-16,Jeffrey Jarvis,3051.71,PROD39
ORD1211,2023-02-13,Ricky Mitchell,2508.8,PROD73
ORD1212,2023-11-19,Beth Cooley,4525.57,PROD78
ORD1213,2023-10-28,Cheryl Turner,1466.66,PROD14
ORD1214,2023-01-18,Benjamin Smith,4004.36,PROD43
ORD1215,2023-03-25,James Logan,3054.97,PROD37
ORD1216,2023-06-14,Jason Hendricks,1793.99,PROD59
ORD1217,2023-04-08,Todd Barry,3201.26,PROD83
ORD1218,2022-05-04,Chad Fernandez,3123.41,PROD70
ORD1219,2022-09-11,Krystal Guerrero,3404.93,PROD68
ORD1220,2022-08-19,Marie Alvarado,3618.6,PROD64
ORD1221,2022-03-07,Sarah Wilson,3312.95,PROD18
ORD1222,2022-12-13,Kelly Little,4199.77,PROD65
ORD1223,2022-01-22,Brian Jackson,3159.83,PROD60
ORD1224,2023-08-26,Jennifer Tyler,4521.85,PROD35
ORD1225,2023-07-22,Frank Baker,3249.39,PROD25
ORD1226,2022-08-24,Lori Decker,1579.22,PROD15
ORD1227,2023-08-26,Jasmine Wood,2232.07,PROD43
ORD1228,2022-08-14,Andre Willis,2918.89,PROD21
ORD1229,2022-01-08,Charles Roberts,3675.18,PROD94
ORD1230,2022-03-14,Gina Davis,496.16,PROD59
ORD1231,2023-12-26,Michael Martinez,1510.8,PROD83
ORD1232,2023-10-09,Joseph Price,3750.03,PROD33
ORD1233,2022-03-02,Philip Perez,919.42,PROD92
ORD1234,2022-08-23,Diane Johnson,704.19,PROD24
ORD1235,2022-03-11,Samuel Anderson,2720.07,PROD2
ORD1236,2022-02-02,Amber Hughes,4858.87,PROD95
ORD1237,2022-12-05,Bruce Hudson,2677.72,PROD44
ORD1238,2022-03-14,William Kaufman,4571.76,PROD38
ORD1239,2023-06-11,Ronald Mays,4160.84,PROD73
ORD1240,2022-09-01,Lisa Ferguson,1322.0,PROD87
ORD1241,2022-10-13,William Lowery,4132.21,PROD97
ORD1242,2023-11-17,Michael Walker,2435.15,PROD25
ORD1243,2023-05-13,Crystal Hall,4042.12,PROD23
ORD1244,2022-08-08,Mr. Keith Guerrero DDS,3745.47,PROD79
ORD1245,2023-07-07,Omar Smith,1726.64,PROD82
ORD1246,2022-05-16,Marilyn Orozco,620.09,PROD52
ORD1247,2023-08-08,Shannon Johns,4816.32,PROD55
ORD1248,2023-08-14,Kevin Williams,746.75,PROD66
ORD1249,2023-04-30,Nichole Bruce,4834.18,PROD42
ORD1250,2022-09-06,Cindy Campbell,4307.7,PROD12
ORD1251,2023-04-30,Carol Michael,3634.87,PROD52
ORD1252,2023-02-21,Ruth Zimmerman,4900.71,PROD86
ORD1253,2022-07-14,Jacob Sanchez,4837.99,PROD13
ORD1254,2022-04-07,Ruben Kramer,4032.71,PROD24
ORD1255,2022-04-10,Tammy Freeman,1860.59,PROD18
ORD1256,2023-11-06,Jose Perkins,3963.88,PROD62
ORD1257,2023-03-18,Jordan Li,118.9,PROD42
ORD1258,2022-12-29,Mark Townsend,2706.03,PROD32
ORD1259,2023-03-10,Susan Wang,2301.19,PROD1
ORD1260,2023-02-25,Kimberly Edwards MD,3380.5,PROD34
ORD1261,2023-04-24,Timothy Richardson,3378.09,PROD50
ORD1262,2022-02-25,William White,2943.57,PROD31
ORD1263,2023-11-21,Jessica Barnett,4120.97,PROD58
ORD1264,2023-11-01,Megan Garner,4704.44,PROD97
ORD1265,2023-10-24,Deborah Howard,586.31,PROD35
ORD1266,2022-04-11,Michael Fox,1207.42,PROD43
ORD1267,2022-03-04,Richard Pennington,173.87,PROD39
ORD1268,2023-02-17,John Taylor,4426.96,PROD75
ORD1269,2022-12-14,Amy Chavez MD,2828.97,PROD93
ORD1270,2022-04-22,Christopher Fox,4580.52,PROD74
ORD1271,2022-09-12,Stephen Diaz,1145.77,PROD2
ORD1272,2022-07-16,Dr. Kimberly Palmer,362.92,PROD34
ORD1273,2022-07-14,Ryan Petersen,4128.08,PROD84
ORD1274,2023-07-04,Scott Durham,4551.47,PROD47
ORD1275,2023-04-05,Laurie Lawrence,1545.84,PROD89
ORD1276,2022-05-24,Anthony Short,2071.06,PROD31
ORD1277,2023-03-09,Lonnie Lindsey,741.9,PROD8
ORD1278,2022-07-07,Kelli Miller,4733.99,PROD86
ORD1279,2022-10-13,Eugene Taylor,1556.6,PROD16
ORD1280,2023-04-19,Edward Boone,2488.49,PROD60
ORD1281,2022-09-13,Heather Martin,531.1,PROD40
ORD1282,2022-03-19,Edward Henson,4441.93,PROD21
ORD1283,2023-03-30,Alejandra Adams DVM,721.54,PROD52
ORD1284,2023-07-18,Jennifer Hale,2295.54,PROD88
ORD1285,2022-04-11,Sarah Conrad,3368.91,PROD65
ORD1286,2022-02-21,Randall Castillo,3728.54,PROD91
ORD1287,2023-10-30,Michelle Kramer,4732.57,PROD99
ORD1288,2023-07-08,Taylor Shannon,2124.68,PROD40
ORD1289,2022-01-16,William Terrell,3724.23,PROD89
ORD1290,2022-04-06,Heather Matthews,814.89,PROD16
ORD1291,2022-08-31,Mary Adams,2103.68,PROD82
ORD1292,2022-06-20,Mary Smith,540.16,PROD38
ORD1293,2023-02-21,Judith Neal,2472.27,PROD48
ORD1294,2023-05-13,Michael Gould,2070.17,PROD79
ORD1295,2023-05-08,Mario Olson,4760.03,PROD29
ORD1296,2022-08-07,Amy Pena,211.95,PROD29
ORD1297,2023-02-15,Micheal Wolfe,1884.12,PROD18
ORD1298,2022-03-02,Ryan Smith,2244.75,PROD62
ORD1299,2022-06-18,Jacob Wagner,4755.25,PROD20
ORD1300,2023-01-24,Russell Cooper,4284.48,PROD59
ORD1301,2022-01-03,Kyle Hunt,541.81,PROD96
ORD1302,2023-02-04,Christine Campbell,3444.12,PROD78
ORD1303,2022-09-29,Donna Tanner,2745.11,PROD48
ORD1304,2023-04-11,David Swanson,4890.32,PROD54
ORD1305,2022-10-20,Debra Anderson,1825.44,PROD90
ORD1306,2023-03-10,David Walker,2020.79,PROD71
ORD1307,2023-12-15,Michael Martin,989.55,PROD61
ORD1308,2023-07-24,Laura Brock,654.69,PROD97
ORD1309,2023-11-09,Christine Wolfe,4247.76,PROD69
ORD1310,2023-05-14,Sabrina Holmes,2300.85,PROD86
ORD1311,2022-06-08,Colin Fitzpatrick,3330.71,PROD28
ORD1312,2022-07-14,Stephen Peterson,3226.44,PROD98
ORD1313,2022-10-31,Jesse Figueroa,3005.87,PROD32
ORD1314,2022-08-11,Tonya Macdonald,155.72,PROD88
ORD1315,2022-03-01,Judith Myers,3944.63,PROD97
ORD1316,2023-08-17,Leonard Flowers Jr.,1255.67,PROD77
ORD1317,2023-07-10,Larry Harris,673.32,PROD11
ORD1318,2022-03-04,Brenda Williamson,2844.66,PROD68
ORD1319,2022-11-18,Casey Mooney,389.62,PROD58
ORD1320,2022-02-28,Courtney Morris,3837.53,PROD68
ORD1321,2022-02-21,Michael Ortiz,1075.43,PROD91
ORD1322,2023-08-22,James Martin,1118.96,PROD47
ORD1323,2023-05-04,Jessica Ray,4354.99,PROD10
ORD1324,2023-05-30,Dr. Jenna Boyd,1676.37,PROD73
ORD1325,2023-06-28,Jordan Andrews,780.39,PROD15
ORD1326,2022-06-11,Kimberly Jacobs,4507.63,PROD8
ORD1327,2022-02-28,Cameron Hughes,64.04,PROD71
ORD1328,2023-06-05,Stephanie Mclean,4299.11,PROD65
ORD1329,2022-03-24,Kathryn Hoover,766.21,PROD26
ORD1330,2022-07-10,Latoya Leonard,693.46,PROD74
ORD1331,2022-03-12,Anthony Christensen,1290.74,PROD69
ORD1332,2023-09-02,Mary Mullins,913.76,PROD20
ORD1333,2022-03-11,Ethan Rogers,3322.24,PROD22
ORD1334,2023-11-23,Virginia Bautista,177.61,PROD42
ORD1335,2022-08-29,Lisa Turner,123.56,PROD67
ORD1336,2023-02-18,Mark Roy,3960.42,PROD57
ORD1337,2022-05-03,Nathaniel Wilson,1227.76,PROD15
ORD1338,2023-08-07,James Romero,1652.67,PROD88
ORD1339,2022-09-10,Jose Anderson,912.52,PROD27
ORD1340,2023-08-16,Amanda Miller,309.38,PROD92
ORD1341,2023-09-01,Lauren Griffin,3721.5,PROD75
ORD1342,2022-02-10,Thomas Gilbert,2654.12,PROD63
ORD1343,2023-09-27,Terry Garcia,3741.04,PROD12
ORD1344,2022-03-25,Gregory Reed,2407.42,PROD66
ORD1345,2023-03-06,Dwayne Lawrence,3901.18,PROD58
ORD1346,2023-11-05,David Steele,2590.53,PROD8
ORD1347,2023-08-21,Rachel Castro,589.82,PROD59
ORD1348,2023-08-02,Dr. Stephanie Ball DDS,2544.0,PROD17
ORD1349,2023-06-20,Kristina Wilson,4729.81,PROD66
ORD1350,2022-11-20,Marcia Martin,264.66,PROD54
ORD1351,2022-09-25,Emily Williams,3926.97,PROD59
ORD1352,2022-07-29,Robert King,4341.56,PROD73
ORD1353,2023-11-17,Robert Jennings,2631.18,PROD8
ORD1354,2022-11-18,Tracey Howe,2317.31,PROD72
ORD1355,2022-09-02,Kyle Kelly,4821.93,PROD60
ORD1356,2022-09-29,Margaret Brock,351.09,PROD87
ORD1357,2023-02-10,Walter Turner,2420.96,PROD40
ORD1358,2022-05-15,John Robertson,2038.01,PROD93
ORD1359,2023-11-19,Julie Smith,3446.18,PROD3
ORD1360,2023-10-23,Bethany Ward,2476.83,PROD51
ORD1361,2022-11-04,Elizabeth Robinson,4553.02,PROD33
ORD1362,2023-04-14,Michelle Pope,413.78,PROD1
ORD1363,2022-11-20,Christina Welch,449.91,PROD96
ORD1364,2022-03-16,Martin Marshall,3061.07,PROD28
ORD1365,2022-01-10,Gabriel Fernandez,375.13,PROD75
ORD1366,2023-04-15,David Zimmerman,1411.33,PROD10
ORD1367,2023-09-29,Russell Harrison,3183.73,PROD6
ORD1368,2023-07-31,William Benson,2764.36,PROD55
ORD1369,2022-04-13,Kathryn Berry,1659.67,PROD45
ORD1370,2022-03-17,Teresa Thomas,4973.41,PROD90
ORD1371,2023-07-05,David Williams,2676.26,PROD9
ORD1372,2022-08-07,Frederick Love,2295.89,PROD70
ORD1373,2023-06-03,Molly Cole,3046.86,PROD8
ORD1374,2022-09-29,Brian Williams,540.93,PROD9
ORD1375,2022-05-16,Anthony Gray,3523.81,PROD61
ORD1376,2022-12-24,James Miller,4271.32,PROD5
ORD1377,2022-03-12,Brian Evans,3272.04,PROD37
ORD1378,2022-09-08,Garrett Ramsey,3856.37,PROD53
ORD1379,2023-01-14,Juan Tran,3618.16,PROD24
ORD1380,2022-10-19,Julie Olsen,1114.36,PROD99
ORD1381,2022-06-11,Justin Miller,2285.2,PROD18
ORD1382,2023-03-25,Maria Campbell,1181.04,PROD99
ORD1383,2023-07-11,Michelle Richardson,1727.71,PROD83
ORD1384,2023-12-22,Misty Finley,2294.82,PROD94
ORD1385,2022-11-06,Linda Parrish,2109.15,PROD83
ORD1386,2023-09-19,Dustin Jackson,520.67,PROD54
ORD1387,2023-11-01,Katie Roberson,2162.48,PROD48
ORD1388,2023-06-26,Emily Blake,3342.28,PROD49
ORD1389,2022-01-09,Joseph Chang,1902.79,PROD58
ORD1390,2023-11-15,Patricia Moore,805.56,PROD49
ORD1391,2023-07-22,Mark Taylor,4618.78,PROD49
ORD1392,2022-11-03,Jonathan Clark,382.31,PROD11
ORD1393,2023-11-11,Danielle Pena,4167.27,PROD88
ORD1394,2022-04-17,Richard Hicks,511.49,PROD85
ORD1395,2022-05-18,Allen Mclean,527.99,PROD70
ORD1396,2022-09-28,Kathryn Shelton,3707.04,PROD18
ORD1397,2022-04-29,Sarah Barrett,4068.26,PROD84
ORD1398,2022-04-20,Taylor Strickland,2804.04,PROD45
ORD1399,2023-07-21,Jody Carrillo,2953.0,PROD16
ORD1400,2022-06-09,Michael Nguyen,2829.85,PROD23
ORD1401,2022-10-06,Trevor Adkins,1681.75,PROD69
ORD1402,2022-10-16,Michelle Lewis,655.04,PROD51
ORD1403,2023-09-12,Melanie Marquez,1800.31,PROD68
ORD1404,2022-08-04,Ralph Smith,3343.44,PROD17
ORD1405,2022-12-18,Robert Smith,3763.91,PROD94
ORD1406,2022-07-28,Elizabeth Cruz,4347.06,PROD29
ORD1407,2023-12-05,Stephanie Hart,3619.25,PROD1
ORD1408,2023-10-12,Melissa Melton,4843.57,PROD97
ORD1409,2022-09-28,Grace Duran,3022.03,PROD3
ORD1410,2023-06-02,Dr. Adam Wilson MD,1790.65,PROD39
ORD1411,2023-05-16,Molly Rogers,2910.7,PROD60
ORD1412,2022-09-15,Holly Anderson,1103.06,PROD87
ORD1413,2022-02-22,Ethan French,3300.84,PROD93
ORD1414,2022-04-05,Dale Rodgers,1160.01,PROD70
ORD1415,2023-10-12,Crystal West,585.68,PROD55
ORD1416,2023-03-10,Amy Browning,4234.6,PROD69
ORD1417,2022-10-11,Andrew Mcpherson,1869.43,PROD49
ORD1418,2022-02-15,Shirley Gray,3824.9,PROD30
ORD1419,2022-01-04,Anthony Christensen,2891.8,PROD32
ORD1420,2022-12-08,Allison Wong,4045.75,PROD59
ORD1421,2022-05-14,David Moss,4233.52,PROD45
ORD1422,2023-10-15,William Dickson,4874.01,PROD20
ORD1423,2022-09-26,Mr. John Finley DDS,4101.21,PROD36
ORD1424,2022-06-15,Mark Riley,3087.19,PROD25
ORD1425,2023-03-29,Tracie Hughes,3231.36,PROD93
ORD1426,2023-07-19,Allen Gibson,179.96,PROD98
ORD1427,2023-12-24,Phillip Howard,4648.97,PROD15
ORD1428,2023-03-14,Tim Day,4155.83,PROD5
ORD1429,2023-07-29,Christopher Berry,1373.87,PROD85
ORD1430,2022-01-10,Christina Kelley,943.06,PROD54
ORD1431,2022-04-25,Katherine Randolph,3528.36,PROD79
ORD1432,2022-03-19,Nathaniel Barrera,1579.47,PROD99
ORD1433,2023-12-09,Ann Dunn,1732.13,PROD3
ORD1434,2022-06-02,Amber Terry,80.22,PROD31
ORD1435,2023-07-13,Brenda Williams,4355.82,PROD27
ORD1436,2022-02-06,Larry Johnson,2853.29,PROD9
ORD1437,2023-01-14,Mitchell Young,2033.88,PROD13
ORD1438,2023-08-20,Kyle Moore,752.28,PROD77
ORD1439,2023-07-20,Stephen Mckee,3184.2,PROD5
ORD1440,2022-06-01,Megan Barrett,201.75,PROD58
ORD1441,2023-03-17,Tracy Brewer,3743.25,PROD77
ORD1442,2022-05-11,Shelby Campbell,1114.91,PROD87
ORD1443,2022-02-12,Troy Jones,2128.17,PROD91
ORD1444,2022-11-12,Dennis Matthews,1737.44,PROD7
ORD1445,2023-01-09,Jennifer Francis,1881.76,PROD32
ORD1446,2022-02-10,Felicia Harrison,3621.9,PROD95
ORD1447,2023-01-02,Cindy Williams,3895.34,PROD6
ORD1448,2022-08-04,Eric Delgado,2859.59,PROD52
ORD1449,2023-11-30,Meghan Taylor,470.54,PROD57
ORD1450,2022-09-13,Kelly Morgan,310.41,PROD30
ORD1451,2023-11-14,Phillip Riddle,829.18,PROD70
ORD1452,2022-04-16,Mr. Jacob Jackson,3108.3,PROD28
ORD1453,2022-12-29,Kathryn Sanders,3386.15,PROD97
ORD1454,2023-07-28,William Miranda,1396.91,PROD100
ORD1455,2023-02-21,Michael White,3326.6,PROD8
ORD1456,2023-09-28,Manuel Orozco,2454.03,PROD18
ORD1457,2022-06-08,Gina Bowen,2238.12,PROD65
ORD1458,2022-08-31,Melanie Yang,1402.18,PROD38
ORD1459,2022-06-16,Elizabeth Thompson,3786.97,PROD30
ORD1460,2022-07-01,Erika Ford,613.4,PROD94
ORD1461,2023-02-27,Kimberly Thompson,2178.07,PROD74
ORD1462,2022-01-26,Frank Holland,1452.07,PROD41
ORD1463,2022-07-03,Margaret Hernandez,3408.51,PROD74
ORD1464,2022-12-07,Kenneth Sampson,2458.83,PROD77
ORD1465,2023-02-26,Jennifer Jennings,3352.31,PROD99
ORD1466,2023-11-17,Andrew Williams,274.82,PROD87
ORD1467,2022-09-12,Colleen Morgan,2006.55,PROD42
ORD1468,2022-10-01,Willie Spencer,3016.66,PROD31
ORD1469,2022-06-13,Angela Perez,88.05,PROD39
ORD1470,2023-12-20,Melissa Guzman,1542.03,PROD19
ORD1471,2022-04-21,Vanessa Young,1095.61,PROD85
ORD1472,2023-01-27,David Gonzalez,729.31,PROD67
ORD1473,2022-02-09,Jose Hancock,1314.82,PROD29
ORD1474,2023-04-27,Jessica Bailey,1674.21,PROD53
ORD1475,2022-08-16,Jennifer Chapman,88.26,PROD39
ORD1476,2022-07-24,Jeffrey Miller,3747.72,PROD36
ORD1477,2023-04-17,Alexa Hester,919.69,PROD8
ORD1478,2022-12-25,Nathaniel Harding,1932.03,PROD72
ORD1479,2022-11-09,Jose Chambers,3533.17,PROD76
ORD1480,2022-08-22,James Gray,2526.3,PROD95
ORD1481,2022-08-17,Gail Adams,4175.1,PROD23
ORD1482,2022-01-25,Denise Rowe,4040.69,PROD81
ORD1483,2023-11-07,Craig Edwards,406.77,PROD87
ORD1484,2022-07-17,Joseph Baker,4315.73,PROD55
ORD1485,2023-02-13,Laura Lee,259.4,PROD72
ORD1486,2022-12-03,Angela Carlson,142.77,PROD64
ORD1487,2022-10-13,Kayla Hall,4609.75,PROD7
ORD1488,2022-03-13,Mark Wolf,4317.44,PROD45
ORD1489,2022-10-13,Kyle Harris,2900.01,PROD83
ORD1490,2022-12-26,Nina Henderson,2888.33,PROD86
ORD1491,2023-10-19,Audrey Johnson,3562.02,PROD49
ORD1492,2023-06-06,Christian Ross,2117.59,PROD68
ORD1493,2023-02-14,Traci King,620.11,PROD41
ORD1494,2023-11-27,James Williams,153.24,PROD90
ORD1495,2023-07-04,John Mcguire,1657.6,PROD54
ORD1496,2022-12-06,Michael Torres,4016.54,PROD53
ORD1497,2022-01-29,Emily Moore,3109.72,PROD20
ORD1498,2022-04-29,Brandy Green,4168.53,PROD39
ORD1499,2022-09-25,Travis Reid,4602.86,PROD49
ORD1500,2022-07-02,Lindsey Owens,486.24,PROD24
ORD1501,2023-08-18,David Tucker,4230.2,PROD97
ORD1502,2022-09-29,Alejandro Jackson,1254.42,PROD69
ORD1503,2022-02-09,James Khan,2964.91,PROD61
ORD1504,2022-04-22,Donald Freeman,2643.61,PROD31
ORD1505,2023-09-03,Monica Brown,2009.05,PROD29
ORD1506,2023-03-21,Elizabeth Smith,1585.86,PROD39
ORD1507,2022-12-20,Robert Burke,1730.59,PROD91
ORD1508,2022-11-18,Savannah Shaw,1698.69,PROD19
ORD1509,2023-03-23,Joshua Bass,882.26,PROD60
ORD1510,2023-09-13,Christine Barnett,2576.89,PROD8
ORD1511,2023-06-08,Kathryn Booker,614.43,PROD72
ORD1512,2022-04-29,Emily Montgomery,2574.26,PROD53
ORD1513,2023-01-30,Charles Gibson,4534.32,PROD54
ORD1514,2023-08-14,Bryan Davis,1779.41,PROD72
ORD1515,2022-07-14,Edward Sanchez DDS,3650.53,PROD68
ORD1516,2022-09-18,Deanna Goodman,4103.8,PROD18
ORD1517,2022-02-15,Martin Johnson,4084.43,PROD50
ORD1518,2023-12-27,Jonathan Richards DDS,1219.53,PROD32
ORD1519,2023-03-23,Steven Johnston,774.9,PROD33
ORD1520,2022-01-02,Bryan Cole,1026.5,PROD27
ORD1521,2023-06-17,David White PhD,3031.87,PROD43
ORD1522,2023-07-06,Steven Cummings,3813.07,PROD83
ORD1523,2023-12-05,Matthew Willis,3294.77,PROD11
ORD1524,2023-11-18,Vernon Lee,926.87,PROD58
ORD1525,2022-07-21,Daniel Adkins,3875.6,PROD48
ORD1526,2023-01-08,Dennis Barnes,2495.88,PROD12
ORD1527,2023-03-18,Kaylee Chandler,3784.51,PROD69
ORD1528,2022-03-13,Andrea Hill DVM,3811.39,PROD93
ORD1529,2023-11-12,Mr. Taylor Lewis MD,2272.08,PROD25
ORD1530,2022-12-05,Jacob Mason Jr.,4624.56,PROD7
ORD1531,2023-10-01,Carrie Turner,2844.23,PROD35
ORD1532,2022-11-18,Keith Smith,3194.73,PROD49
ORD1533,2023-11-11,Brian Chavez,3141.38,PROD87
ORD1534,2022-05-08,Jeffrey Knight,4328.02,PROD78
ORD1535,2022-11-04,Sarah Bartlett,3154.73,PROD78
ORD1536,2023-06-04,Kenneth Brown,797.24,PROD6
ORD1537,2022-11-13,Tiffany Smith,388.02,PROD10
ORD1538,2023-11-14,Alexander Sanders,2238.93,PROD25
ORD1539,2023-02-23,Bradley Reynolds,1548.96,PROD98
ORD1540,2022-12-01,Alexis Norman,1409.63,PROD76
ORD1541,2023-02-17,Barbara Keller,328.05,PROD93
ORD1542,2023-12-15,Rodney Palmer,2561.32,PROD86
ORD1543,2022-10-30,Michael Nguyen,1586.52,PROD72
ORD1544,2023-07-22,Nicole Stevens MD,2286.97,PROD28
ORD1545,2022-05-11,Ronald Castro,331.61,PROD62
ORD1546,2022-07-16,John Rodriguez,4166.9,PROD27
ORD1547,2023-03-07,Joshua Whitaker,429.82,PROD43
ORD1548,2023-11-12,James Reynolds,4328.04,PROD39
ORD1549,2023-01-24,Andrew Lewis MD,4283.7,PROD2
ORD1550,2023-11-25,Jeffrey Morrison,3094.29,PROD28
ORD1551,2022-06-28,Heather Parrish,2559.99,PROD25
ORD1552,2023-09-23,Brittany Reynolds,2340.42,PROD95
ORD1553,2023-08-06,James Lewis,2793.87,PROD16
ORD1554,2022-11-05,Alejandro King,3969.5,PROD96
ORD1555,2023-02-20,Taylor Adams,4484.59,PROD97
ORD1556,2023-07-16,Patricia Carpenter,2276.18,PROD62
ORD1557,2022-01-01,Whitney Foster,4058.59,PROD32
ORD1558,2022-11-08,Jessica Smith,3276.6,PROD90
ORD1559,2022-10-21,Caitlin Hunter,1641.56,PROD78
ORD1560,2022-08-04,Victoria Ray,2404.36,PROD91
ORD1561,2023-03-17,Diane Mcclain,796.76,PROD27
ORD1562,2023-08-17,Kaitlin Hernandez,356.27,PROD51
ORD1563,2023-09-14,Terry Wolf,562.33,PROD31
ORD1564,2023-11-02,Amanda Shields,4500.68,PROD71
ORD1565,2022-11-26,Andrew Carpenter,1750.02,PROD42
ORD1566,2023-04-22,Samuel Chambers,3585.86,PROD100
ORD1567,2023-03-29,Pamela Cobb,2547.52,PROD37
ORD1568,2023-03-29,Gerald Hudson,904.17,PROD49
ORD1569,2023-11-23,Natasha Brown,1276.33,PROD60
ORD1570,2022-08-07,Christopher Mcdonald,2216.9,PROD69
ORD1571,2023-06-08,Christopher Snyder,2225.14,PROD84
ORD1572,2023-04-30,Christian Lee,2637.6,PROD46
ORD1573,2022-06-23,Devin Cook,835.79,PROD40
ORD1574,2023-11-06,Dean Simpson,1895.62,PROD34
ORD1575,2022-03-28,Kimberly Bell,1450.32,PROD47
ORD1576,2022-10-18,Diana Wilkinson,2073.41,PROD66
ORD1577,2023-06-12,Leslie Greer,1724.92,PROD64
ORD1578,2023-11-11,Michael Blanchard,3009.54,PROD60
ORD1579,2023-10-11,Lisa Parrish,3956.67,PROD13
ORD1580,2023-09-27,Joshua Willis,3254.16,PROD93
ORD1581,2022-12-10,Stephanie Davis,376.26,PROD61
ORD1582,2022-04-06,Jennifer Smith,517.8,PROD98
ORD1583,2022-08-29,Melissa Ellis,3407.98,PROD41
ORD1584,2023-11-20,Marcus Randall,1456.53,PROD27
ORD1585,2022-11-14,Charlotte Chambers,3632.48,PROD48
ORD1586,2022-08-19,Sandra Parks,3299.99,PROD41
ORD1587,2022-07-23,Brian Torres,4536.4,PROD53
ORD1588,2022-05-31,Megan Smith,4372.73,PROD6
ORD1589,2022-01-26,Jeremy Macdonald,1700.14,PROD73
ORD1590,2022-02-17,Charles Walker,2934.56,PROD29
ORD1591,2022-09-08,Michelle Schneider,750.07,PROD95
ORD1592,2023-05-02,Ashley Davenport,1781.61,PROD19
ORD1593,2023-09-18,Pamela Giles,4840.1,PROD3
ORD1594,2022-03-16,Dr. Erin Rodriguez,3507.48,PROD34
ORD1595,2023-04-12,Michelle Obrien,1990.19,PROD71
ORD1596,2023-03-01,Lauren Strickland,2995.45,PROD75
ORD1597,2023-10-07,Deanna Webster,4693.11,PROD75
ORD1598,2023-08-13,Bryan Anthony,1582.43,PROD93
ORD1599,2022-07-19,Dennis Friedman,1914.56,PROD54
ORD1600,2023-12-15,Mr. Brian Joyce DVM,3968.73,PROD38
ORD1601,2023-01-29,Michael Butler,4075.26,PROD20
ORD1602,2023-05-22,Ashley Wright,3367.08,PROD26
ORD1603,2023-02-14,Lauren Best,4153.35,PROD43
ORD1604,2022-09-07,Beverly Hayes,3706.93,PROD30
ORD1605,2022-06-01,Richard Munoz,3442.8,PROD49
ORD1606,2023-11-03,Sandra Wood,2655.65,PROD73
ORD1607,2023-12-06,Thomas Sanders,3247.82,PROD32
ORD1608,2022-01-06,Gina Hudson,2145.86,PROD64
ORD1609,2022-04-20,Cindy Cooper,1841.05,PROD71
ORD1610,2023-03-12,Ms. Rachel Johnson MD,1844.86,PROD84
ORD1611,2022-08-13,Anthony Hernandez,942.3,PROD88
ORD1612,2022-06-30,Mark Leonard,1110.25,PROD44
ORD1613,2023-12-14,Katherine Watson,4740.96,PROD33
ORD1614,2023-06-15,Leslie Keith,2457.04,PROD98
ORD1615,2023-04-21,Thomas Gonzalez,1171.39,PROD63
ORD1616,2022-02-21,Joshua Simmons,730.95,PROD93
ORD1617,2023-07-25,Neil Hill,431.97,PROD83
ORD1618,2022-09-13,Wayne Carlson,4229.92,PROD95
ORD1619,2022-05-05,Pamela Lopez,550.65,PROD63
ORD1620,2023-04-13,Gregory Everett,3865.83,PROD59
ORD1621,2022-05-17,Melissa Cummings,4183.84,PROD22
ORD1622,2023-04-21,William Kelley,4424.23,PROD94
ORD1623,2023-11-15,Eric Ramos,236.85,PROD46
ORD1624,2023-06-28,Daniel Johnson,1716.98,PROD22
ORD1625,2023-07-27,Douglas Moreno,3843.22,PROD18
ORD1626,2023-09-02,Danny Brady,698.69,PROD93
ORD1627,2022-11-21,Maureen Todd,1914.76,PROD70
ORD1628,2023-03-30,Mark Gardner,853.12,PROD63
ORD1629,2023-09-20,Barbara Peters,4165.16,PROD24
ORD1630,2023-06-01,John Quinn,3866.93,PROD70
ORD1631,2023-03-13,Dustin Russell,4054.77,PROD83
ORD1632,2023-07-16,Nathaniel Jones,869.42,PROD8
ORD1633,2023-04-02,Richard Thomas,2216.48,PROD68
ORD1634,2022-06-12,Andre Howell,2083.75,PROD5
ORD1635,2023-05-02,Robert Alvarado,3398.0,PROD10
ORD1636,2023-04-06,Lindsay Larson,1225.77,PROD86
ORD1637,2022-09-23,Mrs. Erika Rodriguez,2248.78,PROD7
ORD1638,2022-09-11,Brandon Mccall,1460.39,PROD98
ORD1639,2023-10-15,Michael Gates,3755.26,PROD1
ORD1640,2022-10-11,Mrs. Heidi Bautista,2272.19,PROD53
ORD1641,2023-06-18,James Montoya,2693.36,PROD18
ORD1642,2023-05-12,Richard Holland,1581.87,PROD81
ORD1643,2023-10-04,Timothy Richardson,4052.69,PROD30
ORD1644,2022-09-02,Stacy White,2371.63,PROD9
ORD1645,2022-10-09,Candice Richardson,4183.81,PROD91
ORD1646,2023-03-27,Craig Thomas,1870.81,PROD20
ORD1647,2022-03-21,Dr. Stephanie Hardy,4738.29,PROD2
ORD1648,2022-10-20,Brittany Franklin,4922.98,PROD28
ORD1649,2022-08-29,Tyler Smith,2335.32,PROD65
ORD1650,2022-10-06,Patricia Allen,1444.77,PROD59
ORD1651,2022-12-10,Brian Wilkins,1940.27,PROD48
ORD1652,2022-11-24,James Peters,2660.93,PROD8
ORD1653,2023-07-08,Dawn Garcia,4833.03,PROD80
ORD1654,2022-03-24,Brittany Greene,4093.61,PROD82
ORD1655,2022-05-22,Richard Thomas,4016.23,PROD86
ORD1656,2022-06-04,Bradley Alvarado,735.07,PROD79
ORD1657,2022-08-25,Jesus Bowman,1287.52,PROD62
ORD1658,2023-01-28,Kyle Terry,3223.84,PROD85
ORD1659,2023-12-12,William Richmond,4376.88,PROD63
ORD1660,2022-06-06,Justin Hamilton,2794.98,PROD3
ORD1661,2023-12-25,Denise Oliver,557.82,PROD1
ORD1662,2022-08-08,Mr. Ryan Thompson Jr.,4237.17,PROD69
ORD1663,2022-03-07,Pamela Weber,4263.27,PROD71
ORD1664,2023-03-01,Lisa Chambers,1461.06,PROD53
ORD1665,2023-02-22,Patrick Terry,3827.43,PROD2
ORD1666,2022-12-05,David Mason,1400.32,PROD3
ORD1667,2023-07-10,Dalton Liu,4531.27,PROD68
ORD1668,2023-04-23,Justin Dixon,779.38,PROD93
ORD1669,2023-03-02,Steve Thompson,2215.49,PROD36
ORD1670,2022-03-05,Miranda Parsons,4734.75,PROD69
ORD1671,2022-07-31,Joshua Bautista,1149.09,PROD37
ORD1672,2023-03-07,Terry Delgado,2283.08,PROD3
ORD1673,2023-02-03,David Hernandez,1780.45,PROD65
ORD1674,2023-08-22,Jamie Ortiz,182.02,PROD90
ORD1675,2023-12-14,Alisha Bell,313.62,PROD87
ORD1676,2022-01-21,David Farrell,2534.94,PROD56
ORD1677,2023-08-13,Justin Clayton,1217.1,PROD23
ORD1678,2023-01-25,Christopher Snow,4972.9,PROD14
ORD1679,2023-05-04,Amy Fischer,1905.82,PROD13
ORD1680,2022-01-07,Thomas Dyer,189.53,PROD68
ORD1681,2022-12-27,Diane Baker,4657.59,PROD20
ORD1682,2022-11-02,Ivan Faulkner,4203.92,PROD31
ORD1683,2023-02-04,Tony Shaw,3267.31,PROD25
ORD1684,2023-03-06,Denise Oneal,3967.33,PROD80
ORD1685,2023-07-06,John Roberts,731.12,PROD68
ORD1686,2023-07-14,Brenda Griffin,1470.05,PROD33
ORD1687,2023-09-10,Mrs. Natalie Webster,4157.32,PROD46
ORD1688,2022-08-14,Karen Wallace,3495.56,PROD35
ORD1689,2023-05-15,Derek Bailey,737.02,PROD51
ORD1690,2022-08-13,Samantha Duke,3542.4,PROD11
ORD1691,2022-10-07,Jessica Sparks,2270.58,PROD48
ORD1692,2023-03-23,Francisco Wright,75.99,PROD52
ORD1693,2023-05-13,Michael Harper,442.17,PROD59
ORD1694,2022-01-30,Christina Edwards,1316.82,PROD73
ORD1695,2023-02-03,Raymond Perez,4183.07,PROD32
ORD1696,2022-12-11,James Evans,2766.58,PROD90
ORD1697,2023-11-16,Cynthia Carter MD,3649.81,PROD29
ORD1698,2023-11-27,Jose Reed,2662.47,PROD39
ORD1699,2023-02-19,Robert Contreras,600.37,PROD88
ORD1700,2022-06-19,Kimberly Howard,1476.1,PROD11
ORD1701,2023-04-24,Patrick Johnson,1540.7,PROD84
ORD1702,2022-05-11,Daniel Wilson,286.36,PROD84
ORD1703,2023-09-30,Samuel Russell,2128.14,PROD98
ORD1704,2023-07-01,Courtney Hayden,3979.8,PROD5
ORD1705,2022-01-28,Wesley Davis,2312.71,PROD12
ORD1706,2023-02-08,Barbara Aguirre,598.75,PROD52
ORD1707,2023-08-30,Anne Green,4530.48,PROD49
ORD1708,2023-08-01,Juan Howard,3003.86,PROD49
ORD1709,2023-11-10,Keith Mckay,131.35,PROD71
ORD1710,2022-01-28,Jeffery Singh,2601.11,PROD61
ORD1711,2022-03-27,Samantha Singh,1247.59,PROD8
ORD1712,2023-10-21,George Mcconnell,760.71,PROD82
ORD1713,2023-03-15,Ian Wilson,2174.73,PROD2
ORD1714,2022-05-19,Kathryn Shaffer,3093.31,PROD90
ORD1715,2023-04-18,Eric Buchanan,1240.79,PROD22
ORD1716,2022-07-06,Dr. Jonathan Hansen,2112.01,PROD11
ORD1717,2022-02-21,Joshua Hill,3338.64,PROD64
ORD1718,2022-09-24,Christine Cruz,473.79,PROD56
ORD1719,2023-01-24,Paul Montgomery,4874.54,PROD83
ORD1720,2022-12-02,Michael Juarez,385.01,PROD43
ORD1721,2022-08-05,Andrea Bush,2653.99,PROD73
ORD1722,2023-04-11,Mercedes Tanner,2561.27,PROD13
ORD1723,2022-12-01,Brandon Manning,4942.24,PROD68
ORD1724,2022-12-12,Linda Hall,2793.05,PROD6
ORD1725,2023-01-24,Steven Davis,1982.75,PROD30
ORD1726,2022-10-12,Ryan Martin,2377.17,PROD28
ORD1727,2023-03-08,Matthew Jones,3196.57,PROD89
ORD1728,2022-09-16,Kristen Martin,4906.15,PROD73
ORD1729,2022-03-25,David Johnson,1305.57,PROD61
ORD1730,2023-04-27,Sharon Hunter,130.4,PROD35
ORD1731,2022-01-20,Shelly Golden,3953.17,PROD6
ORD1732,2023-07-07,Debra Williams,1756.77,PROD10
ORD1733,2022-02-23,William Moore,3678.06,PROD88
ORD1734,2022-12-25,Chad Brown,3159.87,PROD36
ORD1735,2022-08-18,Denise Lane,3868.93,PROD70
ORD1736,2023-10-28,Edward Marshall,3689.18,PROD73
ORD1737,2022-03-12,Andrea Ellison,1695.97,PROD85
ORD1738,2023-10-30,Nathan Clark,269.46,PROD5
ORD1739,2022-02-11,Kari Khan,2752.77,PROD23
ORD1740,2022-02-01,Derek Gill,4076.87,PROD41
ORD1741,2022-09-11,Donna Curry,916.69,PROD3
ORD1742,2022-07-24,Katherine Mclaughlin,3906.76,PROD27
ORD1743,2022-01-21,Sara Henry,2349.88,PROD76
ORD1744,2023-09-29,Kelsey Perez,3492.18,PROD19
ORD1745,2022-06-06,Paul Cooper,3177.09,PROD97
ORD1746,2022-09-02,David Wells,4066.91,PROD92
ORD1747,2022-05-10,William Sullivan,362.35,PROD51
ORD1748,2023-04-30,Dr. Luis Green DDS,3892.14,PROD10
ORD1749,2023-11-17,Carla Johnson,2315.51,PROD39
ORD1750,2022-04-28,William Ramirez,1502.54,PROD21
ORD1751,2023-08-01,Chris Park,266.84,PROD73
ORD1752,2022-08-12,Carrie Copeland,1037.38,PROD31
ORD1753,2023-04-22,Eric Carson,257.43,PROD73
ORD1754,2023-12-18,Timothy Anderson,4670.19,PROD50
ORD1755,2022-09-20,Travis Wheeler,2601.15,PROD87
ORD1756,2023-01-13,Gregory Lambert,4946.16,PROD70
ORD1757,2022-06-21,Rodney Lewis,2738.0,PROD43
ORD1758,2023-09-13,Kevin Byrd,1303.9,PROD50
ORD1759,2023-09-14,Derek Cox,3778.79,PROD97
ORD1760,2022-04-28,Lisa Gross,995.96,PROD95
ORD1761,2022-06-17,Jerry Hansen,1817.02,PROD18
ORD1762,2022-11-15,Jennifer Macdonald,3915.17,PROD89
ORD1763,2022-04-21,Kimberly Green,4335.7,PROD93
ORD1764,2023-08-16,Rodney Martin,1693.03,PROD11
ORD1765,2022-01-27,Jay Spence,666.15,PROD65
ORD1766,2022-11-16,Erin Davis PhD,1871.69,PROD96
ORD1767,2023-08-13,Charles Williamson,4452.96,PROD45
ORD1768,2023-11-25,Keith Davis,3729.37,PROD7
ORD1769,2023-01-20,Angela Willis,4478.46,PROD13
ORD1770,2023-02-11,Alexander Moran,1963.89,PROD56
ORD1771,2022-07-23,Hailey Dixon,4869.93,PROD30
ORD1772,2022-03-19,Randy Macias,2506.21,PROD10
ORD1773,2023-08-30,Ashley Griffin,2512.74,PROD44
ORD1774,2023-12-09,Laurie Hernandez,4625.34,PROD78
ORD1775,2023-10-05,Joshua Ramos,2620.42,PROD99
ORD1776,2022-09-06,Steven Cook,4015.68,PROD79
ORD1777,2022-04-15,Gregory Wolf,3649.05,PROD77
ORD1778,2023-12-15,Annette Ashley MD,440.69,PROD51
ORD1779,2022-11-05,Brandon Jackson,3032.14,PROD100
ORD1780,2023-12-02,Robert Mcgee,4120.59,PROD42
ORD1781,2023-09-07,Chad Castillo,2750.1,PROD4
ORD1782,2022-05-04,Marilyn Weaver,1640.0,PROD82
ORD1783,2023-08-03,Gregory Green,446.34,PROD35
ORD1784,2022-02-12,Kayla Walters,3321.55,PROD58
ORD1785,2022-12-22,Amy Howard,1567.15,PROD63
ORD1786,2023-06-30,Julian Riley,3032.98,PROD30
ORD1787,2023-03-15,Johnathan Smith,2159.27,PROD46
ORD1788,2023-11-09,Erica Martinez,3464.34,PROD71
ORD1789,2023-01-15,Ashley Young,1790.16,PROD49
ORD1790,2022-03-12,Jeffrey Farrell,259.66,PROD56
ORD1791,2023-06-03,James Herrera,4356.68,PROD24
ORD1792,2023-10-26,Patrick Brooks,1795.17,PROD88
ORD1793,2022-12-16,Donna Walker,4990.85,PROD75
ORD1794,2022-01-13,Michael Nicholson,1409.05,PROD85
ORD1795,2023-03-07,Lauren Davis,4901.14,PROD49
ORD1796,2023-05-17,John Daniels,4742.13,PROD11
ORD1797,2022-04-19,Eric Robertson,421.45,PROD99
ORD1798,2023-03-20,Cody Hickman,3205.69,PROD80
ORD1799,2023-01-06,Christina Potter,1848.39,PROD38
ORD1800,2023-10-13,Regina Johnson,4015.43,PROD32
ORD1801,2023-04-16,Robyn Watkins,3413.08,PROD92
ORD1802,2023-12-26,Mark Hill,4766.31,PROD10
ORD1803,2022-06-06,Andrea Fuller,756.76,PROD11
ORD1804,2023-03-22,Sharon Thompson,3057.49,PROD35
ORD1805,2022-06-30,Jasmine Campbell,3917.49,PROD20
ORD1806,2023-06-19,Nathan Ryan,222.25,PROD49
ORD1807,2023-10-29,Kayla Miller,382.81,PROD92
ORD1808,2022-10-04,Patricia Lee,3903.65,PROD82
ORD1809,2023-09-23,Mike Fernandez,1863.33,PROD20
ORD1810,2023-07-06,Nancy Mccall,1945.13,PROD95
ORD1811,2023-05-11,David Reyes,2857.86,PROD50
ORD1812,2023-04-22,John Morrow,3045.22,PROD41
ORD1813,2023-03-23,Tyler Bartlett,3411.36,PROD47
ORD1814,2023-08-30,Philip Wallace,4746.68,PROD14
ORD1815,2022-10-02,Larry Mason,1891.47,PROD12
ORD1816,2022-11-27,Travis Rodriguez,3827.27,PROD1
ORD1817,2022-09-09,Kevin Martin,2890.91,PROD40
ORD1818,2022-03-30,Wendy Turner,2670.83,PROD57
ORD1819,2022-10-13,Anne Jacobson,2020.27,PROD47
ORD1820,2023-04-07,John Adams,3265.33,PROD98
ORD1821,2022-09-07,Katie Price,1285.58,PROD35
ORD1822,2023-04-21,Kenneth Sanchez,611.57,PROD14
ORD1823,2023-08-07,Timothy Anderson,3691.59,PROD17
ORD1824,2023-09-17,Daniel Rios MD,2520.27,PROD12
ORD1825,2023-11-16,Roger Carpenter,1965.59,PROD24
ORD1826,2023-01-24,Pamela Price,2830.28,PROD56
ORD1827,2022-12-11,Rodney Graham,1345.79,PROD58
ORD1828,2022-01-30,Randall Gray,1338.43,PROD72
ORD1829,2023-05-22,Tina Smith,2259.05,PROD72
ORD1830,2022-11-29,Brian Martinez,4982.01,PROD66
ORD1831,2022-07-06,Danielle Maxwell,1463.61,PROD53
ORD1832,2023-05-15,Troy Wood,4586.57,PROD14
ORD1833,2022-08-06,Kyle Miller,2481.44,PROD4
ORD1834,2022-12-30,Teresa Arias DVM,657.06,PROD12
ORD1835,2022-09-22,Mariah Morgan,4271.49,PROD46
ORD1836,2022-12-15,Jennifer Mitchell,2287.61,PROD71
ORD1837,2022-10-14,Sandra Krause,4498.46,PROD12
ORD1838,2023-09-03,Jonathan Savage,2253.3,PROD77
ORD1839,2023-12-20,Jamie Castillo,484.56,PROD77
ORD1840,2022-10-10,Miguel Hammond,3425.55,PROD42
ORD1841,2023-07-24,Michelle Hobbs,4235.33,PROD50
ORD1842,2022-01-11,Brooke Dunlap,1631.96,PROD2
ORD1843,2023-06-14,Breanna Matthews,1769.76,PROD38
ORD1844,2022-07-15,Sara Roberts,371.45,PROD53
ORD1845,2022-03-29,Melanie Brown,2733.75,PROD50
ORD1846,2022-09-05,Carol Cox,4462.09,PROD100
ORD1847,2023-02-21,Joshua Myers,4264.24,PROD11
ORD1848,2023-05-16,Mary Martin,3573.46,PROD93
ORD1849,2023-07-23,James Baldwin,4640.26,PROD72
ORD1850,2022-09-04,Jamie Brown,3206.62,PROD32
ORD1851,2023-12-09,Bryan Ward,3978.8,PROD74
ORD1852,2023-05-03,Mr. David Dougherty,2568.34,PROD67
ORD1853,2023-10-24,Christopher Keller,650.74,PROD22
ORD1854,2023-12-30,Nicholas Hudson,1044.85,PROD88
ORD1855,2023-05-18,Dana Neal,737.44,PROD49
ORD1856,2023-04-04,David Estrada,3962.35,PROD22
ORD1857,2022-01-18,Craig Williams,180.11,PROD18
ORD1858,2022-04-06,Angela Gibson,2792.41,PROD35
ORD1859,2022-10-29,Kerry Ruiz,1876.11,PROD39
ORD1860,2022-08-15,Samantha Clark,4028.13,PROD35
ORD1861,2023-02-19,Amy Bradley,2780.65,PROD64
ORD1862,2023-12-10,Corey Campbell,3079.14,PROD19
ORD1863,2022-09-07,Edward Sanford,476.77,PROD9
ORD1864,2022-11-10,Pam Johnson,1580.99,PROD22
ORD1865,2023-11-11,Brandon Duncan,4998.0,PROD56
ORD1866,2023-08-19,Amanda Garcia,3608.4,PROD36
ORD1867,2023-01-13,Pamela Miller,2652.19,PROD54
ORD1868,2023-04-30,Karen Cole,3857.36,PROD39
ORD1869,2023-07-21,Douglas Peters,4125.53,PROD62
ORD1870,2023-06-28,Adrienne Sanchez,415.07,PROD10
ORD1871,2022-12-19,Ryan Rodriguez,4863.28,PROD47
ORD1872,2023-03-12,Monique Martin,3229.58,PROD33
ORD1873,2023-07-18,Nathan Ali,2277.37,PROD32
ORD1874,2022-12-05,Randy Williamson,3416.54,PROD93
ORD1875,2022-12-27,Virginia Jordan,1755.35,PROD81
ORD1876,2023-12-21,William Sims,4395.9,PROD64
ORD1877,2023-04-10,Scott Forbes,3912.3,PROD77
ORD1878,2022-10-05,Joseph Henderson,3216.98,PROD79
ORD1879,2022-11-10,Mary Carter,950.72,PROD26
ORD1880,2022-09-15,Stephanie White,4833.01,PROD59
ORD1881,2022-08-25,Julie Turner,2191.46,PROD14
ORD1882,2022-05-04,Elizabeth Peters,4558.03,PROD18
ORD1883,2022-07-17,Rebecca Becker,324.29,PROD39
ORD1884,2022-11-20,Rebecca French,664.6,PROD1
ORD1885,2022-05-03,Nicole Johnson,807.43,PROD51
ORD1886,2023-07-03,Angel English,865.05,PROD43
ORD1887,2023-12-08,Paul Murray,1647.17,PROD80
ORD1888,2022-07-09,Kevin Manning,3561.19,PROD49
ORD1889,2022-07-16,Sarah Morrison,1762.81,PROD43
ORD1890,2022-08-10,Jessica Thompson,4707.48,PROD57
ORD1891,2023-05-11,Brenda Reed,4479.88,PROD43
ORD1892,2022-10-11,Daniel Stevenson,4237.37,PROD56
ORD1893,2023-08-27,Anthony Thomas MD,1290.5,PROD84
ORD1894,2023-06-22,Tracey Sutton,3193.53,PROD77
ORD1895,2023-09-04,Nicholas Hurley,2776.67,PROD18
ORD1896,2022-10-17,Matthew Ferguson,669.59,PROD39
ORD1897,2022-04-13,Tamara Mcfarland,1548.98,PROD42
ORD1898,2022-07-18,James Baker,2690.72,PROD78
ORD1899,2022-10-31,Laura Good,2537.74,PROD89
ORD1900,2022-08-21,Linda Brandt,884.75,PROD26
ORD1901,2023-01-05,Krista Cooper,4710.95,PROD62
ORD1902,2022-07-03,Douglas Meza,813.26,PROD41
ORD1903,2022-11-06,Alyssa Stevens,3310.73,PROD23
ORD1904,2022-01-15,Tammy Robinson,3617.13,PROD51
ORD1905,2023-12-27,Stephen Alexander,3045.44,PROD41
ORD1906,2023-07-01,Christopher Mills,4220.52,PROD38
ORD1907,2022-05-10,Emily Martin,2839.91,PROD95
ORD1908,2022-10-08,John Caldwell,4134.92,PROD89
ORD1909,2022-02-16,Angela Waters,190.45,PROD82
ORD1910,2022-02-25,Danny Rivera,275.04,PROD63
ORD1911,2023-07-21,Shawn Wise,3225.2,PROD74
ORD1912,2022-10-27,Joseph Smith,2905.02,PROD32
ORD1913,2023-12-16,Frank Mitchell,3273.09,PROD42
ORD1914,2022-05-10,Jeanette Davis,3846.45,PROD49
ORD1915,2023-10-16,Richard Lewis,2112.1,PROD36
ORD1916,2023-05-18,James Manning,3213.01,PROD51
ORD1917,2022-04-16,Natalie Palmer,2515.29,PROD47
ORD1918,2022-01-13,Travis Combs,3154.46,PROD15
ORD1919,2023-08-11,Andrea Richard,1483.87,PROD73
ORD1920,2022-10-19,Cheyenne Foster,4785.42,PROD26
ORD1921,2023-04-26,Terri Sanchez,2440.58,PROD76
ORD1922,2023-05-06,Thomas Smith,4033.21,PROD70
ORD1923,2023-03-28,Tara Guzman,3440.7,PROD24
ORD1924,2022-12-15,Cynthia Martin,1522.3,PROD88
ORD1925,2022-07-08,Nathan Moore,411.22,PROD99
ORD1926,2022-02-22,Karen Schneider,346.57,PROD71
ORD1927,2022-09-16,Travis Allen,2226.05,PROD4
ORD1928,2023-05-05,Joe Zuniga,2447.04,PROD94
ORD1929,2022-04-27,Ryan Walker,1059.91,PROD60
ORD1930,2022-03-08,Sandra Jones,3052.97,PROD91
ORD1931,2023-02-15,Kevin Houston,1597.28,PROD27
ORD1932,2023-05-19,Dennis Allen,3605.9,PROD57
ORD1933,2022-03-17,April Torres,3684.29,PROD38
ORD1934,2023-08-14,Jeremy Gonzalez,4310.85,PROD89
ORD1935,2023-10-07,Kristen Walker,4878.1,PROD9
ORD1936,2023-12-04,Julie Hicks,697.29,PROD53
ORD1937,2022-02-24,Jackson Henderson,1884.17,PROD87
ORD1938,2022-06-05,Carol Matthews,2830.17,PROD64
ORD1939,2022-06-02,Elizabeth Bryant,1629.62,PROD18
ORD1940,2023-07-31,Patricia Robbins,2359.04,PROD82
ORD1941,2022-11-08,Brenda Gordon,1373.98,PROD39
ORD1942,2022-03-29,Andrew Moore,1277.2,PROD31
ORD1943,2022-09-12,Kathleen Pena,529.22,PROD33
ORD1944,2022-05-02,Joseph Mayer,1486.55,PROD85
ORD1945,2023-07-26,Amanda Davenport,1951.54,PROD20
ORD1946,2023-03-03,Thomas Munoz,3096.12,PROD92
ORD1947,2023-09-13,Carla Hayden,1278.94,PROD55
ORD1948,2023-09-03,Ryan Owens,4333.27,PROD49
ORD1949,2023-09-26,Lindsey Summers,840.51,PROD10
ORD1950,2022-08-20,Matthew Elliott,1670.81,PROD58
ORD1951,2023-06-20,Amy Mcknight,2909.55,PROD77
ORD1952,2023-01-25,Becky Spears,1597.94,PROD62
ORD1953,2023-04-07,Amanda Estrada,3827.45,PROD75
ORD1954,2023-03-30,Bryan Johnson,2516.41,PROD52
ORD1955,2022-11-01,Jason Rowe,2597.89,PROD69
ORD1956,2023-08-26,Elizabeth Johnson,2518.86,PROD65
ORD1957,2023-03-16,Chelsea Cervantes,1577.28,PROD89
ORD1958,2022-11-09,Gina Frazier,164.72,PROD54
ORD1959,2023-08-06,Mary Cook,4728.9,PROD70
ORD1960,2023-09-28,Martin Lopez,2551.95,PROD5
ORD1961,2022-03-03,William Cunningham,4835.1,PROD47
ORD1962,2023-09-17,Kimberly Fox,1114.96,PROD90
ORD1963,2022-04-12,Renee Perez,1796.83,PROD69
ORD1964,2022-08-01,Joshua Bell,300.18,PROD77
ORD1965,2023-10-03,Joyce White,2499.73,PROD82
ORD1966,2022-08-05,Sara Gordon,4417.58,PROD11
ORD1967,2022-09-28,Benjamin Johnson,3288.59,PROD14
ORD1968,2023-11-08,Kristen Wood DDS,2379.4,PROD99
ORD1969,2022-03-25,Chad Terry,2706.62,PROD32
ORD1970,2022-06-10,Michael Turner,4243.5,PROD85
ORD1971,2022-09-03,Mary Foster,2183.09,PROD86
ORD1972,2022-06-27,Deborah Reynolds,4418.16,PROD46
ORD1973,2023-07-20,Lindsay Mcfarland,3651.16,PROD22
ORD1974,2022-03-18,Katherine Brown,3831.09,PROD83
ORD1975,2022-06-10,Robert Garcia,1861.39,PROD79
ORD1976,2022-01-03,Allen George,2032.88,PROD6
ORD1977,2023-02-23,Sabrina Conrad,2872.89,PROD73
ORD1978,2023-04-07,Todd Parker,1013.54,PROD83
ORD1979,2023-12-07,Ryan Brandt,2788.45,PROD87
ORD1980,2023-09-01,Elizabeth Smith,413.98,PROD83
ORD1981,2023-04-27,Angela Olsen,2546.06,PROD52
ORD1982,2022-10-26,Donna Jones,3833.8,PROD97
ORD1983,2022-02-03,John Baxter,1434.62,PROD43
ORD1984,2022-08-26,Christopher Henson,4946.0,PROD56
ORD1985,2022-10-23,Heather Bonilla,3417.97,PROD14
ORD1986,2023-12-25,Barbara Stewart,638.11,PROD2
ORD1987,2022-10-17,Melissa Lambert,4876.66,PROD13
ORD1988,2023-12-21,Jaime Lee,1999.82,PROD34
ORD1989,2023-04-10,Kelly Mccormick,3984.74,PROD29
ORD1990,2022-03-14,Christopher Wells,1728.47,PROD66
ORD1991,2023-12-05,Julia Roberts,4697.8,PROD96
ORD1992,2022-08-28,Justin Nielsen,3787.08,PROD67
ORD1993,2022-09-28,Justin Stephens,1035.34,PROD72
ORD1994,2023-10-03,Peggy Miller,2570.16,PROD75
ORD1995,2023-08-27,Kelly Jennings,2525.39,PROD89
ORD1996,2023-11-09,Felicia Joseph,274.25,PROD74
ORD1997,2022-07-22,Summer Davis,728.33,PROD29
ORD1998,2023-03-12,Daniel Torres,1698.55,PROD58
ORD1999,2022-04-28,Michelle Hudson,2395.03,PROD48
